Train Regret,Test Regret,Train MSE,Test MSE,Train Elapsed,Test Elapsed
0.09976468160898873,0.09981308648059888,9.229271648406982,10.337051628112793,2.2307474613189697,826.8528206348419
0.11174071132848985,0.11300112550181869,10.624366828918458,10.128058975219727,1.3135898113250732,647.4360997676849
0.09575160715215315,0.09426417309235352,9.332400207519532,9.373693031311035,1.3021116256713867,824.1852037906647
0.09944648835049047,0.10079563503931187,8.89080125427246,9.880142616271973,1.3757941722869873,734.2062165737152
