Train Regret,Test Regret,Train MSE,Test MSE,Train Elapsed,Test Elapsed
0.09976468160898873,0.09981308648059888,9.229271648406982,10.337051628112793,2.2307474613189697,826.8528206348419
0.11174071132848985,0.11300112550181869,10.624366828918458,10.128058975219727,1.3135898113250732,647.4360997676849
