Train Regret,Test Regret,Train MSE,Test MSE,Train Elapsed,Test Elapsed,Train Nodes Count,Test Nodes Count
0.09600652336007298,0.10075567395812737,9.229271816253663,10.337051651000976,2.7039291858673096,989.8575007915497,1071.677,1094.564
0.11364096408970328,0.11653692417797942,10.624366828918458,10.128058975219727,1.5499625205993652,982.277868270874,1163.641,1111.038
0.09511945997353133,0.0945875246842443,9.332400268554688,9.373693077087403,1.682636022567749,855.118307352066,875.422,903.843
0.09944648835049047,0.10079563503931187,8.89080125427246,9.880142616271973,1.3757941722869873,734.2062165737152
0.10741054089184672,0.10546624563428832,10.50689461517334,9.746484336853028,1.4805994033813477,728.7192406654358
