Train Regret,Test Regret,Train MSE,Test MSE,Train Elapsed,Test Elapsed,Train Nodes Count,Test Nodes Count
0.1089692146029492,0.1108514174739735,9.229271648406982,10.337051628112793,3.2847695350646973,253.69909238815308,28.0,34.0
0.1230448791844339,0.1228622852255317,10.624366828918458,10.128058975219728,1.2303786277770996,253.38061380386355,20.0,23.0
0.1052140039899328,0.1000033698006303,9.332400207519532,9.373693031311037,1.5910820960998535,247.24182724952695,30.0,31.0
0.10643792627776,0.1054776630928085,8.89080125427246,9.880142616271971,1.7273354530334473,244.45058941841123,37.0,29.5
