Train Regret,Test Regret,Train MSE,Test MSE,Train Elapsed,Test Elapsed
0.05508304050843954,0.06170628975494815,62.607768615722655,65.31246728515625,139.47827124595642,461.9391076564789
0.06376361724569206,0.0695400664064262,71.99259008789062,69.68522271728516,163.02415800094604,1035.7790367603302
