Train Regret,Test Regret,Train MSE,Test MSE,Train Elapsed,Test Elapsed,Train Nodes Count,Test Nodes Count
0.07256839243357177,0.07946787011916301,59.62359539794922,62.27772479248047,51.06250810623169,554.4794988632202,594.27,536.763
0.081133030064194,0.08979870052829843,71.78389904785156,69.58086541748047,47.773518800735474,1072.76052069664,980.385,1269.547
