Train Regret,Test Regret,Train MSE,Test MSE,Train Elapsed,Test Elapsed,Train Nodes Count,Test Nodes Count
0.0631278385889499,0.0711942508702568,59.766743,62.440136,42.74723291397095,322.94917726516724,80.5,99.0
0.1736055597599895,0.0854910030744747,71.7839,69.58086,37.56623721122742,744.5143399238586,11.0,18.5
0.0512563576254561,0.0798209338525949,68.867256,67.79103,40.5268280506134,511.5695722103119,29.0,30.0
0.0525866415475401,0.0808720636299453,69.91915,71.74968,48.734623670578,452.48883962631226,41.5,62.5
0.08217425422315845,0.07846820047256607,70.63407897949219,67.29296112060547,53.010985374450684,655.933355808258,534.0,549.0
