Train Regret,Test Regret,Train MSE,Test MSE,Train Elapsed,Test Elapsed,Train Nodes Count,Test Nodes Count
0.07245940876362433,0.07981201105301404,62.66620275878906,65.38016473388672,128.25292205810547,232.03175163269043,61.801,63.463
0.06119698073248742,0.06598039303191179,71.99259008789062,69.68522271728516,138.87851309776306,252.0107238292694,71.876,83.51
0.06550010843374769,0.07083449937806044,69.17756396484376,68.16367416381836,145.23830461502075,236.06725668907166,66.088,67.985
0.06838443987011855,0.07360713452712289,70.86628042602538,72.63710443115234,141.8293058872223,238.07572960853577,47.625,57.861
0.07318127454068717,0.07710710564231178,70.7277958984375,67.31642776489258,181.81567811965942,342.83472633361816
