Train Regret,Test Regret,Train MSE,Test MSE,Train Elapsed,Test Elapsed
0.0897658636662806,0.09750634920172283,61.57771688842774,64.31390002441407,162.0834686756134,297.78682947158813
0.07759789474732959,0.0819466485384905,65.5394712524414,63.5748173828125,181.64712977409363,317.89383006095886
0.10387247736064315,0.1132826736031283,59.950956237792965,58.807924987792966,196.2323727607727,279.91940546035767
0.09849480264130993,0.107877479308656,62.33934390258789,64.00363427734375,186.95872402191162,260.3041205406189
0.10255965916192263,0.10865795119901234,62.60029382324219,59.24193200683594,179.54037380218506,259.75945234298706
