Train Regret,Test Regret,Train MSE,Test MSE,Train Elapsed,Test Elapsed,Train Nodes Count,Test Nodes Count
0.07256839243357177,0.07946787011916301,59.62359539794922,62.27772479248047,51.06250810623169,554.4794988632202,594.27,536.763
0.081133030064194,0.08979870052829843,71.78389904785156,69.58086541748047,47.773518800735474,1072.76052069664,980.385,1269.547
0.07451037545620348,0.07944324863105584,68.87746447753906,67.80063775634765,42.92525339126587,448.02045464515686
0.07676545125639979,0.080613404026412,69.75749194335937,71.57797491455078,41.42263388633728,354.59796261787415
0.06521223362302758,0.06970347910958782,70.58249133300781,67.23204409790038,48.431710720062256,425.9237480163574
