Train Regret,Test Regret,Train MSE,Test MSE,Train Elapsed,Test Elapsed,Train Nodes Count,Test Nodes Count
0.0954871484811533,0.1031049248215919,59.76673941040039,62.44013562011719,65.34467244148254,266.8019516468048,23.5,25.0
0.0804745024697789,0.0885811271945457,71.78389904785156,69.58086541748047,55.889039754867554,387.1689889431,54.5,67.5
0.0792190243851247,0.086989381886904,68.86726000976563,67.79102627563476,69.92454862594604,319.3139646053314,38.5,44.0
0.0886960409201713,0.0953451858034797,69.91915325927734,71.74968048095702,57.54499888420105,396.5331346988678,38.0,45.0
