Train Regret,Test Regret,Train MSE,Test MSE,Train Elapsed,Test Elapsed
0.05508304050843954,0.06170628975494815,62.607768615722655,65.31246728515625,139.47827124595642,461.9391076564789
0.06376361724569206,0.0695400664064262,71.99259008789062,69.68522271728516,163.02415800094604,1035.7790367603302
0.057534120873564736,0.06323327683427964,69.06114392089843,68.0629084777832,158.6640326976776,1010.3519253730774
0.057992006974841116,0.0643574096951572,70.67424801635742,72.45021911621093,149.2962121963501,579.4551486968994
0.05697483398871896,0.06091187941313757,70.26707342529296,66.90105902099609,119.85379719734192,504.8031966686249
