Train Regret,Test Regret,Train MSE,Test MSE,Train Elapsed,Test Elapsed
0.0897658636662806,0.09750634920172283,61.57771688842774,64.31390002441407,162.0834686756134,297.78682947158813
0.07759789474732959,0.0819466485384905,65.5394712524414,63.5748173828125,181.64712977409363,317.89383006095886
0.10387247736064315,0.1132826736031283,59.950956237792965,58.807924987792966,196.2323727607727,279.91940546035767
