Train Regret,Test Regret,Train MSE,Test MSE,Train Elapsed,Test Elapsed
0.08028463441650704,0.09030070446594833,62.56143692016602,65.25990393066407,170.77504801750183,353.5550534725189
0.06334217181187647,0.06700204180299076,71.99258953857422,69.68522106933594,183.83986616134644,385.46755170822144
0.06480879561217849,0.073881547225442,69.0513890991211,68.04905987548828,197.852121591568,371.30533742904663
0.07435863474682654,0.08021418064073586,70.5786296081543,72.34727001953125,190.47515273094177,333.1590325832367
0.07318127454068717,0.07710710564231178,70.7277958984375,67.31642776489258,181.81567811965942,342.83472633361816
