Train Regret,Test Regret,Train MSE,Test MSE,Train Elapsed,Test Elapsed,Train Nodes Count,Test Nodes Count
0.0744892628778553,0.06569386258447342,62.821014,65.54531,147.26988887786865,662.3199517726898,300.0,280.0
0.17088585326342987,0.06775205092677716,71.99259,69.68523,139.28386163711548,885.93652510643,173.5,162.0
0.044700236039750325,0.062461178107421675,69.234406,68.19934,152.04788661003113,1010.4387261867523,277.5,287.5
0.05601826319391672,0.06213155751790813,71.01614,72.80987,165.50176167488098,569.5090990066528,227.5,267.0
0.055693990985584516,0.06381687148387954,70.96467,67.56466,163.71950912475586,741.6862409114838,340.0,352.5
