Train Regret,Test Regret,Train MSE,Test MSE,Train Elapsed,Test Elapsed,Train Nodes Count,Test Nodes Count
0.07263519331396263,0.08043222680168964,61.594607482910156,64.33463330078125,171.35867428779602,1115.0934154987335,1365.893,1293.463
0.07285725273487689,0.07700754483983026,65.53946868896485,63.57481396484375,197.9011993408203,1224.4788236618042,1558.68,1469.652
0.07650741362648199,0.08432775097625764,59.97151898193359,58.829028930664066,214.01149535179138,765.5699963569641,900.374,940.556
0.09849480264130993,0.107877479308656,62.33934390258789,64.00363427734375,186.95872402191162,260.3041205406189
0.10255965916192263,0.10865795119901234,62.60029382324219,59.24193200683594,179.54037380218506,259.75945234298706
