Train Regret,Test Regret,Train MSE,Test MSE,Train Elapsed,Test Elapsed,Train Nodes Count,Test Nodes Count
0.07263519331396263,0.08043222680168964,61.594607482910156,64.33463330078125,171.35867428779602,1115.0934154987335,1365.893,1293.463
0.07285725273487689,0.07700754483983026,65.53946868896485,63.57481396484375,197.9011993408203,1224.4788236618042,1558.68,1469.652
0.07650741362648199,0.08432775097625764,59.97151898193359,58.829028930664066,214.01149535179138,765.5699963569641,900.374,940.556
