Train Regret,Test Regret,Train MSE,Test MSE,Train Elapsed,Test Elapsed,Train Nodes Count,Test Nodes Count
0.0785508530110426,0.0795814109898035,61.588287,64.329,164.48698329925537,1339.1729137897491,109.0,103.5
0.1804450682767102,0.0799432028625882,65.53947,63.574818,198.93116521835327,2312.267942905426,111.5,99.0
0.0631984351691047,0.0845489018456054,59.917233,58.77923,281.00353622436523,1039.2273120880127,240.0,252.5
0.13751996654464055,0.10735577968305034,62.352867126464844,64.01942443847656,212.1032257080078,2472.5851056575775,2045.0,1893.5
0.1407738484681542,0.11171566975142236,62.600555419921875,59.23836898803711,211.28889226913452,2152.2432096004486,1734.5,1615.0
