Train Regret,Test Regret,Train MSE,Test MSE,Train Elapsed,Test Elapsed
0.06510932599158312,0.07151182667556415,59.56255407714844,62.21510119628906,47.5738525390625,457.6448395252228
0.07883157254697884,0.08533154460017366,71.78389733886719,69.58086355590821,36.269288301467896,915.8272609710693
