Train Regret,Test Regret,Train MSE,Test MSE,Train Elapsed,Test Elapsed,Train Nodes Count,Test Nodes Count
0.15432054511648358,0.15989988342701936,2046.2985,2050.4783,440.6927149295807,412.5689117908478,1032.0,975.0
0.15010022027203118,0.15520389159905168,2027.7317,1918.8022,320.440003156662,486.1340205669403,1051.0,1032.5
0.1561567815669026,0.16631011386754013,1999.7426,1962.1945,394.9476161003113,545.9898853302002,1172.0,1281.0
0.15170574280222313,0.16226451457671354,1959.726,1934.857,479.5578212738037,655.448409318924,829.5,970.5
0.14230152794361361,0.14916637416275294,2064.3147,1908.4747,777.4847958087921,764.5936501026154,1061.5,1275.5
0.15925914956108092,0.1752093683589326,2007.7826,1959.2065,523.649112701416,667.2034828662872,1013.0,1173.5
