Train Regret,Test Regret,Train MSE,Test MSE,Train Elapsed,Test Elapsed
0.9337619473976275,0.9640047035611007,761.6310947265625,746.2864301757812,680.2606234550476,559.7336943149567
1.184744620633943,1.1716028987028708,792.132373046875,778.0659243164063,207.3435161113739,162.59902334213257
1.0285117434289577,1.0116547840062053,761.9609794921874,753.8669897460937,154.94364309310913,105.23113918304443
