Train Regret,Test Regret,Train MSE,Test MSE,Train Elapsed,Test Elapsed
0.05582640538569084,0.06931339502603237,53.46189611816406,55.906141479492184,6066.5956428050995,776.2293329238892
0.06246965841174356,0.070557181144229,55.53882302856445,53.719938232421875,4956.23970580101,627.7319874763489
