Train Regret,Test Regret,Train MSE,Test MSE,Train Elapsed,Test Elapsed
0.058516842847920685,0.06797464321661487,53.41958938598633,55.81871041870117,8030.235343456268,1039.953224658966
0.0602823740480161,0.06934448041253503,55.39039712524414,53.60564859008789,6894.529273986816,1011.503345489502
