Train Regret,Test Regret,Train MSE,Test MSE,Train Elapsed,Test Elapsed,Train Nodes Count,Test Nodes Count
0.06207710784523647,0.0735678011573252,53.079712890625,55.439338928222654,3410.0609369277954,387.60042452812195,148.49,156.365
