Train Regret,Test Regret,Train MSE,Test MSE,Train Elapsed,Test Elapsed
0.0585168428479206,0.0679746432166148,53.41958938598633,55.81871041870117,8030.235343456268,1039.953224658966
0.0602823740480161,0.069344480412535,55.39039712524414,53.60564859008789,6894.529273986816,1011.503345489502
0.06040339532766175,0.06821957159329102,50.20356787109375,49.3366081237793,2175.455190181732,237.03162693977356
