Train Regret,Test Regret,Train MSE,Test MSE,Train Elapsed,Test Elapsed,Train Nodes Count,Test Nodes Count
0.057517128615418654,0.06538651992536415,53.354745391845704,55.774636779785155,3605.413993835449,350.29648876190186,101.0,99.5
0.05939536297247696,0.066997590472198,55.55621676635742,53.74439196777344,3410.68896317482,331.89995884895325,85.0,86.5
0.05603500749089502,0.06252689816308579,50.21991339111328,49.33656851196289,3316.018544435501,351.41658544540405,107.0,119.5
