Train Regret,Test Regret,Train MSE,Test MSE,Train Elapsed,Test Elapsed
0.058516842847920685,0.06797464321661487,53.41958938598633,55.81871041870117,8030.235343456268,1039.953224658966
