Train Regret,Test Regret,Train MSE,Test MSE,Train Elapsed,Test Elapsed,Train Nodes Count,Test Nodes Count
0.04899007890776819,0.06010132719290055,52.19211651611328,54.37294183349609,6400.343899726868,1149.6722807884216,1595.555,1519.467
0.05002829093166131,0.06242574252967657,52.558577423095706,51.08380014038086,6539.434529542923,1025.5957944393158,1322.756,1383.158
