Train Regret,Test Regret,Train MSE,Test MSE,Train Elapsed,Test Elapsed,Train Nodes Count,Test Nodes Count
0.04899007890776819,0.06010132719290055,52.19211651611328,54.37294183349609,6400.343899726868,1149.6722807884216,1595.555,1519.467
0.0504234384345384,0.0599401183100824,52.37615054321289,50.93634228515625,4561.897743701935,855.8916051387787
0.04636616560626962,0.05730541328497145,48.990694030761716,48.24975567626953,3195.3259177207947,967.5561351776123
0.045234181010578696,0.05670813125280679,52.13352233886719,53.47763204956055,3906.9059920310974,1037.0056936740875
0.04614497267577591,0.05596460397527617,53.338307678222655,51.03426165771484,3390.473314523697,705.1937003135681
