Train Regret,Test Regret,Train MSE,Test MSE,Train Elapsed,Test Elapsed
0.04646161456156315,0.05679968210659532,51.81626031494141,54.0552890625,3255.475023508072,881.9622249603271
