Train Regret,Test Regret,Train MSE,Test MSE,Train Elapsed,Test Elapsed
0.08480390267456508,0.10744135891416429,236.00781030273438,242.6795147705078,1602.0566620826721,171.56513214111328
0.08838055757329283,0.10961653382348963,257.390591796875,248.31459704589844,2198.7016263008118,166.54661345481873
0.08534519982825267,0.10349697708048983,243.62700036621095,249.4159705810547,1798.7825844287872,168.39233207702637
0.08255047921377046,0.10007496226406698,224.60103271484374,234.98936022949218,1924.7905766963959,187.33777141571045
0.08462612125893353,0.1058828674423676,227.58201611328124,237.84286022949217,2072.147049188614,249.93987441062927
0.08537959805529582,0.10340027176649627,240.89512194824218,266.98224865722653,1809.8892242908478,175.0032992362976
0.08645450187713116,0.10496488256724947,214.920828125,248.50787963867188,1829.0754182338715,227.67774295806885
