,Method,Avg Train Time,Avg Test Time,Avg Test Regret
0,2s,1.3412905216217041,2.0036772966384886,0.12581823515586946
1,cave,4.593990993499756,1.9349521160125733,0.11301762919669915
2,cave+,4.741449403762817,1.8359848499298095,0.08890184619475894
3,caveh,2.1215606451034548,1.5071799755096436,0.0883696196044298
4,spo+,14.00642795562744,1.4621594905853272,0.07724477506510741
5,pfyl,11.991234588623048,1.2672383785247803,0.07858394375768234
6,nce,2.8748428583145142,1.4096319437026978,0.13784385410664374
