,Method,Avg Train Time,Avg Test Time,Avg Test Regret
0,2s,1.3499367475509643,1.8274290800094604,0.08822629095196087
1,cave,4.692440938949585,1.9233722448349,0.10733058443491605
2,cave+,3.965727663040161,1.3134220838546753,0.08392926149970145
3,caveh,1.7770931482315064,1.348399806022644,0.08351060036084348
4,spo+,14.161683869361877,1.550451683998108,0.07794249399510474
5,pfyl,13.648094058036804,1.4878867149353028,0.07675567881792028
6,nce,3.232829141616821,1.5206958055496216,0.11341306360454058
