,Method,Avg Train Time,Avg Test Time,Avg Test Regret
0,2s,1.5511861801147462,21.41627194881439,0.2131591050189734
1,cave,129.04999635219573,19.65777406692505,0.08014570087021253
2,cave+,103.42405593395233,17.944775223731995,0.06966333715091597
3,caveh,28.028190207481384,17.443195080757143,0.0952023371681199
4,spo+,172.7892481327057,17.033213996887206,0.07477745373046316
5,spo+_rel,73.79368984699249,20.64211423397064,0.09839669447895825
6,pfyl,165.69209802150726,16.444852828979492,0.07413795183908281
7,pfyl_rel,69.75591416358948,20.27215301990509,0.11276738313262855
8,nce,25.47597541809082,20.572473073005675,0.14853364078040596
