,Method,Avg Test Regret,Std Test Regret,Avg Train Time,Std Train Time
0,2s,21.315910570147683,1.8073702979732047,1.5346434593200684,0.18533760902803706
1,cave,8.014570112429812,0.4485337468793999,158.66079535484315,9.6473842414119
2,cave+,6.966333737086856,0.3730254630341013,102.19498410224915,10.376487994666453
3,caveh,9.520233747267977,0.6371188603099179,30.165693092346192,2.621253882008592
4,spo+,7.477745397205417,0.35817675358122203,185.13471794128418,7.4384246575225585
5,spo+_rel,9.839669479289851,0.5746286347635273,67.98603792190552,0.6004535610449232
6,pfyl,7.413795207732216,0.3704875681137214,185.01763741970063,5.093351954396882
7,pfyl_rel,11.221808424274293,0.9039423569823603,53.32477459907532,3.7396912261138002
8,nce,14.853364078040595,1.0081318481972912,25.47597541809082,3.662135761324854
