,Method,Avg Test Regret,Std Test Regret,Avg Train Time,Std Train Time
0,2s,12.124212673520459,0.8900959672446989,1.5206049680709839,0.09969161717021141
1,cave,7.349684665851905,0.39688324084335413,113.5593406200409,3.164644073984754
2,cave+,6.197644256701936,0.2436881308834396,107.1479012966156,3.7962690593242967
3,caveh,7.688894125903086,0.33375041850718296,27.059625339508056,2.1657721111050123
4,spo+,5.947442014670777,0.15630285218961618,175.23480441570283,4.952532715650416
5,spo+_rel,7.74921577917656,0.31555637547231263,71.92215766906739,2.0459324560969905
6,pfyl,6.56100364496284,0.20903048905734756,220.2053323030472,24.19538826266656
7,pfyl_rel,9.151430690228974,0.4988071648991529,77.25364491939544,0.5984760421219458
8,nce,12.206657126780899,0.8830780187312433,25.92242341041565,4.226309442267023
