,Method,Avg Train Time,Avg Test Time,Avg Test Regret,Test B&B Nodes Count
0,2s,1.935789942741394,121.08007688522339,0.5260536345350737,
1,cave,641.5010330677032,146.99242627620697,0.23245780802816834,
2,cave+,492.9009537220001,137.90180468559265,0.08565273743959072,
3,caveh,205.74282314777375,139.5325007200241,0.11279742892807545,
4,spo+,1688.034910607338,171.38565933704376,0.10264391197107851,
5,spo+_rel,521.9504462480545,132.10999088287355,0.13141391348825077,
6,pfyl,1359.4376947402955,146.02697856426238,0.0897969898534213,
7,pfyl_rel,529.3959469079971,164.50725626945496,0.13382465422014325,
8,nce,150.75477368831633,131.69771966934204,0.17092956041564913,1.5891000000000002
