,Method,Avg Train Time,Avg Test Time,Avg Test Regret,Test B&B Nodes Count
0,2s,2.451049637794495,143.18483917713166,0.28162319821065573,1.4850999999999999
1,cave,633.5532594680786,133.32136845588684,0.15193751552685988,1.6351000000000002
2,cave+,542.9606979370117,153.15427827835083,0.07686136740650121,1.8018999999999998
3,caveh,230.73506572246552,147.68642134666442,0.09590625824901439,1.7724
4,spo+,1367.263735628128,140.50846662521363,0.07555475139486953,1.6227
5,spo+_rel,530.6337246894836,144.98033735752105,0.10171667629446982,1.597
6,pfyl,1341.8050790548325,142.19955563545227,0.08031131380488626,1.7903999999999995
7,pfyl_rel,528.5039080619812,141.07548434734343,0.11111680809965496,1.7044000000000001
8,nce,148.42104332447053,125.89082069396973,0.14314459481874134,
