,Method,Avg Train Time,Avg Test Time,Avg Test Regret
0,2s,1.9167616844177247,692.8134118080139,0.1966638960816358
1,cave,196.98062229156494,929.1326779842377,0.09242004940847678
2,cave+,172.77990016937255,744.9297525882721,0.07565305118817811
3,caveh,50.6365083694458,595.5829032421112,0.0966874003229142
4,spo+,4029.3957468032836,632.1860214233399,0.08270895279614135
5,pfyl,4991.4061120510105,618.2420363426208,0.08858063817626396
