,Method,Avg Test Regret,Std Test Regret,Avg Train Time,Std Train Time
0,2s,10.1022970742412,0.6404778184714827,1.648789405822754,0.4831422632880063
1,cave,9.262899302649394,1.5633585770768776,213.56276054382323,42.36175880787865
2,cave+,6.4371104124091945,0.2353245176187468,153.5645815849304,11.08468880923319
3,caveh,7.916929037996753,0.518123801778731,44.51718144416809,6.271020408865714
4,spo+,5.944370131411329,0.2524340445168227,7020.107516646385,1043.0468874866078
5,pfyl,6.319428073387853,0.2807292711627486,3773.305769753456,288.8447483249679
6,nce,15.7651533619713,0.9575929210312587,583.5582797527313,170.66500735506162
