,Method,Avg Train Time,Avg Test Time,Avg Test Regret,Test B&B Nodes Count
0,2s,1.7585842609405518,858.0358267307281,0.10362840069879023,1036.4816666666666
1,cave,189.95409336090088,725.0411616802215,0.09166059062508913,1234.557
2,cave+,147.2029447555542,260.2040376186371,0.07346822872648412,68.20475
3,caveh,46.323124980926515,571.1564369678497,0.0798053404829034,903.155
4,spo+,4290.989373540879,943.0638830184937,0.05800391880320742,1519.467
5,pfyl,4705.947805070877,571.1186573982238,0.07084948537807464,156.365
6,nce,472.576414680481,301.35504016876223,1.007834383923612,
