Train Regret,Test Regret,Train MSE,Test MSE,Train Elapsed,Test Elapsed
0.1870901135668108,0.1926338329110823,119.49600521850586,144.96001879882812,3.1416311264038086,960.5108985900879
0.22285597044412908,0.222981254724701,175.27691833496092,149.676333984375,1.5967044830322266,812.6640236377716
0.18397179633288602,0.18523682302560926,131.51478149414064,131.93862295532227,1.853527545928955,687.3380997180939
0.1826917294009743,0.18321298339042524,120.15922265625,144.48519909667968,1.7036232948303223,765.6117112636566
