Train Regret,Test Regret,Train MSE,Test MSE,Train Elapsed,Test Elapsed,Train Nodes Count,Test Nodes Count
0.1842678243558512,0.1925213956490772,119.49600521850586,144.96001879882812,3.3825314044952397,935.265436410904,83.0,95.0
0.2170779709385786,0.2157795559991993,175.27691833496092,149.676333984375,2.019179105758667,676.1482274532318,94.5,116.0
