Train Regret,Test Regret,Train MSE,Test MSE,Train Elapsed,Test Elapsed
0.18980273884977383,0.195462338103799,119.4960041809082,144.96001910400392,2.440483808517456,798.4999878406525
0.21634757633029156,0.2177997386401743,175.27692004394532,149.6763349609375,1.4355671405792236,622.1575334072113
