Train Regret,Test Regret,Train MSE,Test MSE,Train Elapsed,Test Elapsed
0.18698045298557903,0.1938695731423471,119.49600521850586,144.96001879882812,3.0337376594543457,898.4687466621399
0.2200300157406547,0.21991113978298119,175.27691833496092,149.676333984375,1.487403154373169,531.0990967750549
0.18532826273817368,0.1804272113611787,131.51478149414064,131.93862295532227,1.6685519218444824,644.612627029419
0.18319897193431012,0.183908802816504,120.15922265625,144.48519909667968,1.7000401020050049,566.3369307518005
0.2148737129728883,0.20520275330516807,160.04100738525392,139.833822265625,1.694075584411621,823.5496578216553
