Train Regret,Test Regret,Train MSE,Test MSE,Train Elapsed,Test Elapsed
0.18980273884977383,0.195462338103799,119.4960041809082,144.96001910400392,2.440483808517456,798.4999878406525
0.21634757633029156,0.2177997386401743,175.27692004394532,149.6763349609375,1.4355671405792236,622.1575334072113
0.18131184529740313,0.17993971630658176,131.51478271484376,131.93862368774415,1.6573693752288818,763.4152085781097
0.1858144906729787,0.18901067999322935,120.15922143554687,144.48520068359375,1.7252686023712158,682.8952038288116
0.21093648507524165,0.2054829141759856,160.04100811767577,139.83382153320312,1.6581907272338867,1041.0286273956299
