Train Regret,Test Regret,Train MSE,Test MSE,Train Elapsed,Test Elapsed
0.0905579589421922,0.0948061635306901,300.67909375,338.99830322265626,157.72427797317505,1096.768189907074
0.0841784728948274,0.0920928529267235,390.3148610839844,347.072265625,165.3940348625183,1208.792216539383
0.075214712330124,0.0779646980286416,324.6349118652344,314.55038854980467,216.40079808235168,1419.3851010799408
0.06778233733647468,0.07162898896929812,307.97765197753904,338.20235888671874,103.24657320976257,437.96589612960815
0.06399589222262944,0.0695938014882519,372.5692484130859,327.6679754638672,133.78983688354492,546.2024409770966
