Train Regret,Test Regret,Train MSE,Test MSE,Train Elapsed,Test Elapsed
0.08156529850805978,0.09273907642085127,296.8180776367187,335.0441826171875,48.96055603027344,342.04335594177246
0.10367960535624696,0.10821821025147292,389.5043190917969,346.4340736083984,48.63297390937805,995.4570534229279
