Train Regret,Test Regret,Train MSE,Test MSE,Train Elapsed,Test Elapsed
0.08861998877688064,0.09830109334565747,303.87707836914063,342.58275927734377,169.93833804130554,1541.4054164886475
0.09644661113215305,0.10757737026172297,385.8452087402344,343.3158819580078,200.6854465007782,1329.9520909786224
