Train Regret,Test Regret,Train MSE,Test MSE,Train Elapsed,Test Elapsed,Train Nodes Count,Test Nodes Count
0.0968911878966868,0.1080280074273545,297.615509765625,335.888037109375,58.56379723548889,652.4339628219604,220.0,258.5
0.1114776975357364,0.1208064802725413,389.5043190917969,346.4340736083984,52.336456537246704,1474.6236221790314,138.0,159.5
