Train Regret,Test Regret,Train MSE,Test MSE,Train Elapsed,Test Elapsed
0.08098789516588295,0.09105787118063739,303.94632373046875,342.6423645019531,181.6731777191162,1203.2015614509583
0.09332720463913757,0.09574682404967642,385.8452087402344,343.3158819580078,205.16390347480774,1556.5490033626556
0.08199670231621563,0.09169248637218319,315.05852734375,304.8087362060547,221.83004331588745,712.5872077941895
0.07902740667649986,0.0951298702895538,301.28854028320313,331.65982934570314,189.51674628257751,543.3436946868896
0.08229156760277757,0.0884731951503333,366.1239978027344,320.9140279541016,186.7192406654358,629.9819226264954
