Train Regret,Test Regret,Train MSE,Test MSE,Train Elapsed,Test Elapsed
0.09055795894219222,0.0948061635306901,300.67909375,338.99830322265626,157.72427797317505,1096.768189907074
