Train Regret,Test Regret,Train MSE,Test MSE,Train Elapsed,Test Elapsed
0.08156529850805978,0.09273907642085127,296.8180776367187,335.0441826171875,48.96055603027344,342.04335594177246
0.10367960535624696,0.10821821025147292,389.5043190917969,346.4340736083984,48.63297390937805,995.4570534229279
0.0904794082708217,0.09810851890630684,326.1043908691406,315.9475368652344,49.56995892524719,602.9634456634521
0.09522502771173771,0.09932975909430045,309.263439453125,339.65538793945314,47.96411919593811,469.11001348495483
0.07736613615353279,0.08504143694163975,374.93724389648435,330.07339099121094,58.05493378639221,568.3406476974487
