Train Regret,Test Regret,Train MSE,Test MSE,Train Elapsed,Test Elapsed,Train Nodes Count,Test Nodes Count
0.0932542225877163,0.1014652631808603,303.78858251953125,342.4682819824219,193.2901072502136,1326.675775766373,532.0,565.5
0.1013326039015435,0.1057686280468347,385.8452087402344,343.3158819580078,213.25798726081848,1262.929362535477,583.5,538.0
