Train Regret,Test Regret,Train MSE,Test MSE,Train Elapsed,Test Elapsed
0.06930857180605339,0.0769677054737151,300.6959069824219,339.005072265625,170.6094012260437,428.42211055755615
0.07310277310919619,0.07970631514823666,390.3148610839844,347.072265625,182.2275276184082,1262.3412120342255
0.06725837644069453,0.07391648156676098,324.5437448730469,314.5016990966797,187.56822180747986,1035.947739124298
0.06463582253186831,0.07504593570101989,307.9082043457031,338.083333984375,166.03228569030762,513.4728424549103
0.06596752347148505,0.07262881805115827,372.5012802734375,327.5908170166016,157.4620645046234,484.4648587703705
