Train Regret,Test Regret,Train MSE,Test MSE,Train Elapsed,Test Elapsed
0.09055795894219222,0.0948061635306901,300.67909375,338.99830322265626,157.72427797317505,1096.768189907074
0.08417847289482741,0.0920928529267235,390.3148610839844,347.072265625,165.3940348625183,1208.792216539383
