Train Regret,Test Regret,Train MSE,Test MSE,Train Elapsed,Test Elapsed,Train Nodes Count,Test Nodes Count
0.15492394416418773,0.12048580797558921,303.78857,342.46832,188.65301609039307,1895.4397871494293,1381.0,1434.5
0.26456583000441497,0.11395000640283988,385.81006,343.28714,204.5519745349884,2280.3463504314423,1430.5,1588.5
0.11254037527513958,0.11577246595973797,314.9714,304.72318,216.91760993003845,1515.0997257232666,1209.5,1211.5
0.12479661137858757,0.11514373380666848,301.29495,331.6606,213.35172867774963,1605.7656574249268,950.0,1083.0
0.12975221786661212,0.11678574354143476,366.13174,320.92902,221.26135277748108,1741.3227338790894,1233.0,1358.0
