Train Regret,Test Regret,Train MSE,Test MSE,Train Elapsed,Test Elapsed,Train Nodes Count,Test Nodes Count
0.0654269475038824,0.0722569372186691,301.2733039550781,339.60934033203125,161.1371386051178,443.2722628116608,115.0,102.0
0.0732250223535736,0.0815218954746928,390.3148610839844,347.072265625,169.76703023910522,881.5079333782196,57.0,62.0
