Train Regret,Test Regret,Train MSE,Test MSE,Train Elapsed,Test Elapsed
0.0835112797906858,0.1005392873331419,279.9106872558594,317.0771101074219,10807.28039598465,1477.983453989029
0.07604139255237208,0.0864394833046394,355.1262529296875,313.7743897705078,3303.4300220012665,392.452351808548
0.07281250866549271,0.08644160336156526,287.23085986328124,277.9574627685547,3660.5025856494904,412.78329133987427
0.07495241500139144,0.08373032429603511,276.6155690917969,306.0680090332031,3582.472768306732,397.8994059562683
0.07688873138037933,0.08575249258593826,340.6860433349609,298.18811206054687,3603.344788312912,410.09167861938477
