Train Regret,Test Regret,Train MSE,Test MSE,Train Elapsed,Test Elapsed
0.0835112797906858,0.10053928733314191,279.9106872558594,317.0771101074219,10807.28039598465,1477.983453989029
