Train Regret,Test Regret,Train MSE,Test MSE,Train Elapsed,Test Elapsed,Train Nodes Count,Test Nodes Count
0.07169516846349609,0.09033828876645386,279.45032,316.655,6630.291306972504,845.509774684906,527.0,611.0
0.07423977276374474,0.08691886274937685,355.84644,314.35992,5948.037715435028,933.7818858623505,635.0,591.5
