Train Regret,Test Regret,Train MSE,Test MSE,Train Elapsed,Test Elapsed
0.07532468722275099,0.08788996403725578,279.30744091796873,316.53741381835937,12713.972309112549,2182.967020750046
