Train Regret,Test Regret,Train MSE,Test MSE,Train Elapsed,Test Elapsed,Train Nodes Count,Test Nodes Count
0.06542712666932278,0.08046720403438493,278.5987556152344,315.65043505859376,4475.21749663353,492.83069682121277,136.0,132.5
