Train Regret,Test Regret,Train MSE,Test MSE,Train Elapsed,Test Elapsed
0.07220073884135095,0.08516559921041758,233.22817810058595,264.51911987304686,4576.256425619125,788.1269958019257
0.07434474020033935,0.08899275822202811,293.49868994140627,259.1495135498047,4726.3415694236755,650.7558207511902
