Train Regret,Test Regret,Train MSE,Test MSE,Train Elapsed,Test Elapsed,Train Nodes Count,Test Nodes Count
0.0758831599888331,0.09043557206725869,233.17442419433593,264.52655334472655,2198.977531194687,295.91962695121765,104.0,92.5
0.07525973971559137,0.09034352064113711,293.8717729492187,259.83342993164064,2275.858900785446,292.08802318573,104.5,107.0
0.07074771642839903,0.08710632359483397,241.02910009765625,235.50376379394532,2273.8854672908783,288.2866585254669,121.0,128.0
0.06830959521214451,0.0853627032930701,233.3393231201172,259.16802783203127,2035.1773965358734,282.1512453556061,80.0,79.5
0.07632864688362385,0.08446090454282802,284.12994360351564,250.87239892578125,2240.243621826172,285.1311004161835,104.0,97.0
