Train Regret,Test Regret,Train MSE,Test MSE,Train Elapsed,Test Elapsed
0.0722007388413509,0.0851655992104175,233.22817810058595,264.51911987304686,4576.256425619125,788.1269958019257
0.0743447402003393,0.0889927582220281,293.49868994140627,259.1495135498047,4726.341569423676,650.7558207511902
0.0720824392956945,0.0823983034143905,240.987681640625,235.19846643066407,4510.011543035507,699.4709448814392
0.061624929667708564,0.07731634248396616,232.78048706054688,258.6678103027344,3026.210968017578,507.1338942050934
0.06849515916704167,0.07967176064990462,284.0808780517578,250.809177734375,3308.158227920532,515.4424514770508
