Train Regret,Test Regret,Train MSE,Test MSE,Train Elapsed,Test Elapsed,Train Nodes Count,Test Nodes Count
0.06879894475002803,0.07545828442322144,47.319374,48.70141,44.50938677787781,17.437087059020996,1.0,1.0
0.07685068609909211,0.07937339616718223,50.523743,52.18388,40.967910051345825,21.917246341705322,1.0,1.0
0.0711856012944583,0.0818232769229591,46.703983,47.258034,36.22866368293762,24.032347679138184,1.0,1.0
0.07238968320484443,0.07706685359408313,50.515457,51.07037,38.35538911819458,18.630767107009888,1.0,1.0
0.06767321427611804,0.07141540749001293,46.834095,44.639114,48.53852963447571,16.257920265197754,1.0,1.0
0.07405809086468773,0.07923647038108828,51.755142,49.1081,40.86341190338135,18.81095552444458,1.0,1.0
0.06518642448203739,0.07439926476118623,48.069897,49.288586,39.21873736381531,19.554790019989014,1.0,1.0
0.07193869542830446,0.08064051654718592,51.219147,49.38804,39.767897844314575,20.854455709457397,1.0,1.0
0.06969846363690115,0.0758899595190213,47.450108,48.395073,41.589380979537964,23.811972618103027,1.0,1.0
