Train Regret,Test Regret,Train MSE,Test MSE,Train Elapsed,Test Elapsed,Train Nodes Count,Test Nodes Count
0.07322947530444268,0.07681967765224443,59.62653,61.027794,145.1943395137787,20.890623569488525,1.0,1.0
0.0696428289403011,0.07504703473352596,61.023804,62.71007,150.3093967437744,20.336987733840942,1.0,1.0
0.06936754173737558,0.07531931532416726,57.78083,58.223,150.29429006576538,20.182689666748047,1.0,1.0
0.07258432675118814,0.07957687536952036,59.727486,60.375603,163.7412610054016,23.777161121368408,1.0,1.0
0.06869096660536289,0.0716136108066144,57.555515,55.283005,161.55153465270996,21.058927297592163,1.0,1.0
0.06996880749918312,0.07628065835530569,63.882805,61.20994,162.55517315864563,18.451727151870728,1.0,1.0
0.06732587382539094,0.07441277667731248,59.69298,61.217194,155.2174789905548,19.907532930374146,1.0,1.0
0.06238274318807068,0.06684735516712005,62.45782,60.52812,147.31020164489746,21.348942518234253,1.0,1.0
0.06512349371079042,0.06978841563332576,59.229515,60.18952,142.76698756217957,18.193517446517944,1.0,1.0
