Train Regret,Test Regret,Train MSE,Test MSE,Train Elapsed,Test Elapsed
0.05771680267506414,0.07599847456039908,46.72466320800781,47.55554333496094,1334.1333014965057,125.83209562301636
0.058321875385675175,0.0777109795445165,48.6536665649414,48.98240216064453,1394.9334335327148,134.42959904670715
0.0564144446701391,0.07627982115038796,49.02459100341797,48.82525003051758,1359.422090291977,139.00284242630005
0.05858738297439636,0.07764086033076258,45.72193475341797,46.36892578125,1366.578850030899,140.30592703819275
0.05774115472318899,0.0755097754260778,47.356697814941406,48.18374996948242,1385.5811948776245,148.12907314300537
0.058079622165482826,0.07459922365636552,48.8685625,49.374564208984374,1363.2682919502258,153.27004480361938
0.05833553943351314,0.0786769580514433,45.219724761962894,47.09522927856445,1451.2221217155457,149.52493286132812
0.0557473811626788,0.07207048280994395,46.79871817016602,46.446134460449215,1476.1351776123047,149.32589602470398
0.05799961366990883,0.07408117219589044,47.570253967285154,47.70898052978516,1412.028753042221,147.64719557762146
