Regret,MSE,Nodes
78.9236068725586,69.824486,1960.0
103.09550476074219,59.413025,1888.0
73.34259796142578,109.96622,1405.0
77.17459869384766,79.525055,1175.0
53.46440887451172,41.90826,197.0
68.66690826416016,54.617447,1623.0
56.47441101074219,120.29058,319.0
19.69719696044922,67.33762,272.0
41.110496520996094,61.09035,1452.0
36.929412841796875,63.14527,121.0
